"DBMSNR";"HZBNR";"A";"MESSSTELLE";"GEWASSER";"HD";"bezirk";"lat";"lng";"MJNQ";"MQ";"HQ1";"HQ2";"HQ5";"HQ10";"HQ30";"HQ100";"RHHQ";"INTERNET";"X_COORD";"Y_COORD";"GGBR";"GGLG";"YHKKO";"XRKKO";"XHKO";"YRKO";"BMNR";"BMNH";"MERIDIAN";"B";"C";"D";"E";"F";"G"
2001001;"212324";1;"Oberdrauburg";"Drau";"Kärnten";"Spittal/Drau";46.7480555556;12.9736111111;"15.00";"69.00";"310";;"475";"570";"770";"1025";"1940";"http://info.ktn.gv.at/asp/hydro/daten/QP_Oberdrauburg.gif";372523;316503;464453;125825;316502;8;372523;1;5178774;68;-27484;1;422515;99;178774;68;31
2001003;"212357";2;"Sachsenburg";"Drau";"Kärnten";"Spittal/Drau";46.8275;13.35;"19.00";"74.00";"320";;"490";"590";"790";"1050";"1980";"http://info.ktn.gv.at/asp/hydro/daten/QP_Sachsenburg.gif";401271;325268;464939;132100;325267;401271;2;5187541;97;1271;52;451271;52;187541;97;31;
2001005;"212373";3;"Winklern";"Möll";"Kärnten";"Spittal/Drau";46.8833333333;12.8866666667;"1.90";"9.30";"55";;"113";"150";"235";"350";"740";"http://info.ktn.gv.at/asp/hydro/daten/QP_Winklern.gif";365968;331570;465300;125312;331569;8;365968;4;5193845;54;-34041;41;415958;59;193845;54;31
2001007;"212399";4;"Kolbnitz";"Möll";"AHP";"Spittal/Drau";46.8755555556;13.3033333333;"5.00";"25.00";"133";;"245";"310";"420";"560";"1100";"http://info.ktn.gv.at/asp/hydro/daten/QP_Kolbnitz.gif";397714;330608;465232;131812;330608;46;397713;97;5192884;9;-2286;7;447713;3;192884;9;31
2001008;"212407";5;"Möllbrücke";"Möll";"Kärnten";"Spittal/Drau";46.8377777778;13.3711111111;"4.00";"7.00";"170";;"320";"390";"500";"650";"1300";"http://info.ktn.gv.at/asp/hydro/daten/QP_MoellbrueckeMoell.gif";402881;326410;465016;132216;326410;2;402880;8;5188685;47;2881;57;452881;57;188685;47;31
2001011;"212431";6;"Gmünd-Lieser";"Lieser";"Kärnten";"Spittal/Drau";46.9058333333;13.5372222222;"1.52";"6.53";"44";;"97";"130";"195";"280";"560";"http://info.ktn.gv.at/asp/hydro/daten/QP_GmuendLieser.gif";415528;333993;465421;133214;333992;6;415527;8;5196269;81;15532;25;465532;25;196269;81;31
2001017;"212498";7;"Sandriesen";"Malta";"Kärnten";"Spittal/Drau";46.9125;13.5333333333;"0.72";"3.50";"52";;"110";"140";"205";"275";"580";"http://info.ktn.gv.at/asp/hydro/daten/Sandriesen_dia1_Q.gif";415230;334733;465445;133200;334732;82;415229;78;5197010;26;15234;17;465234;17;197010;26;31
2001018;"212514";8;"Millstatt";"Millstätter See";"Kärnten";"Spittal/Drau";46.8008333333;13.5741666667;"116.00";"132.00";"157";"164";"170";"176";"186";"197";;"http://info.ktn.gv.at/asp/hydro/daten/Millstaettersee_dia5.gif";418378;322333;464803;133427;322332;9;418377;6;5184606;76;18382;5;468382;5;184606;76;31
2001020;"212530";9;"Spittal - Fasan";"Lieser";"Kärnten";"Spittal/Drau";46.8077777778;13.4955555556;"4.32";"17.50";"125";;"230";"290";"385";"500";"920";"http://info.ktn.gv.at/asp/hydro/daten/Fasan_dia1_Q.gif";412377;323088;464828;132944;323088;412377;5185362;24;12380;3;462380;3;185362;24;31;;
2001022;"212563";10;"Techendorf";"Weissensee";"Kärnten";"Spittal/Drau";46.7136111111;13.2955555556;"95.00";"120.00";"132";"146";"150";"157";"168";"178";;"http://info.ktn.gv.at/asp/hydro/daten/Weissensee_dia5.gif";397113;312612;464249;131744;312612;3;397112;5;5174883;98;-2888;23;447111;77;174883;98;31
2001030;"212647";11;"Mauthen";"Gail";"Kärnten";"Hermagor";46.6686111111;13.0002777778;"2";"11.00";"70";;"190";"270";"420";"600";"1260";"http://info.ktn.gv.at/asp/hydro/daten/QP_Mauthen.gif";374522;307665;464007;130001;307665;4;374522;1;5169935;15;-25483;99;424516;1;169935;15;31
2001033;"212670";12;"Rattendorf";"Gail";"Kärnten";"Hermagor";46.6238888889;13.2544444444;"5.20";"19.33";"150";;"310";"400";"580";"780";"1600";"http://info.ktn.gv.at/asp/hydro/daten/QP_Rattendorf.gif";393960;302644;463726;131516;302644;3;393960;2;5164913;59;-6041;18;443958;82;164913;59;31
2001037;"212746";13;"Presseggen";"Pressegger See";"Kärnten";"Hermagor";46.6288888889;13.4358333333;"107.00";"112.00";"132";"157";"185";"204";"230";"260";;"http://info.ktn.gv.at/asp/hydro/daten/Presseggersee_dia5.gif";407847;303202;463744;132609;303201;6;407846;8;5165470;99;7848;55;457848;55;165470;99;31
2001038;"212753";14;"Nötsch";"Gail";"Kärnten";"Villach Land";46.5819444444;13.6158333333;"10";"31.00";"230";;"385";"440";"540";"650";"1100";"http://info.ktn.gv.at/asp/hydro/daten/QP_Noetsch.gif";421646;298019;463455;133657;298019;6;421645;57;5160286;8;21650;1;471650;1;160286;8;31
2001039;"212761";15;"Thörl";"Gailitz";"Kärnten";"Villach Land";46.5386111111;13.65;"1.09";"7.81";"90";;"170";"215";"300";"400";"850";"http://info.ktn.gv.at/asp/hydro/daten/QP_Thoerl.gif";424283;293214;463219;133900;293214;14;424283;13;5155480;7;24287;9;474287;9;155480;7;31
2001041;"212787";16;"Federaun";"Gail";"Kärnten";"Villach, Villach Land";46.5697222222;13.8155555556;"12";"45.00";"325";;"520";"620";"780";"950";"1750";"http://info.ktn.gv.at/asp/hydro/daten/QP_Federaun.gif";436957;296737;463411;134856;296736;5;436956;9;5159002;82;36964;81;486964;81;159002;82;31
2001042;"212795";17;"Faak";"Faaker See";"Kärnten";"Villach, Villach Land";46.5777777778;13.9161111111;"21.00";"39.00";"60";"74";"88";"98";"113";"129";;"http://info.ktn.gv.at/asp/hydro/daten/Faakersee_dia5.gif";444656;297685;463440;135458;297684;56;444656;43;5159950;31;44666;22;494666;22;159950;31;31
2001047;"212852";18;"Miklauzhof";"Vellach";"Kärnten";"Völkermarkt";46.5375;14.5944444444;"2.08";"6.57";"65";;"115";"140";"200";"270";"590";"http://info.ktn.gv.at/asp/hydro/daten/QP_Miklauzhof.gif";496704;293826;463215;143540;293825;5;496704;3;5156080;75;96727;44;546727;44;156080;75;31
2001048;"212860";19;"Maitratten";"Gurk";"Kärnten";"Feldkirchen";46.7863888889;13.9333333333;"0.83";"4";"17";;"36";"48";"72";"100";"210";"http://info.ktn.gv.at/asp/hydro/daten/QP_Maitratten.gif";445797;320876;464711;135600;320875;9;445797;1;5183147;65;45809;54;495809;54;183147;65;31
2001050;"212886";20;"Weitensfeld";"Gurk";"Kärnten";"St. Veit/Glan";46.85;14.2005555556;"1.15";"6.4";"27";;"57";"75";"115";"170";"340";"http://info.ktn.gv.at/asp/hydro/daten/QP_Weitensfeld.gif";466114;328137;465100;141202;328136;7;466114;2;5190408;57;66133;67;516133;67;190408;57;31
2001054;"212951";21;"Zollfeld";"Glan";"Kärnten";"St. Veit/Glan, Klagenfurt Land";46.7016666667;14.3513888889;"1.55";"4.2";"18";;"37";"50";"64";"90";"180";"http://info.ktn.gv.at/asp/hydro/daten/QP_Zollfeld.gif";477829;311794;464206;142105;311794;3;477828;6;5174059;2;77849;54;527849;54;174059;2;31
2001056;"212985";22;"Pörtschach";"Wörther See";"Kärnten";"Klagenfurt Land";46.6347222222;14.1397222222;"108.00";"124.00";"135";"148";"159";"170";"177";"189";;"http://info.ktn.gv.at/asp/hydro/daten/Woerthersee_dia5.gif";461725;304165;463805;140823;304165;3;461724;9;5166430;49;61739;87;511739;87;166430;49;31
2001062;"213041";23;"Gumisch";"Gurk";"Kärnten";"Klagenfurt Land";46.6066666667;14.4788888889;"13";"30.00";"95";;"160";"190";"240";"300";"500";"http://info.ktn.gv.at/asp/hydro/daten/QP_Gumisch.gif";487731;301374;463624;142844;301374;487730;6;5163633;71;87752;68;537752;68;163633;71;31;
2001064;"213082";24;"St Gertraud";"Lavant";"Kärnten";;46.8963888889;11.8691666667;"2.00";"6.00";"34";;"67";"89";"130";"180";"360";"http://info.ktn.gv.at/asp/hydro/daten/QP_StGertraud.gif";516980;334079;465347;115209;334079;16;516979;94;5196243;5;-111559;46;638440;88;196240;91;34
2001065;"213090";25;"Krottendorf";"Lavant";"Kärnten";"Wolfsberg";46.6636111111;14.9455555556;"5.00";"12.00";"77";;"138";"170";"225";"300";"570";"http://info.ktn.gv.at/asp/hydro/daten/QP_Krottendorf.gif";523334;308335;463949;145644;308335;13;523334;9;5170264;-106196;1;643804;31;170261;38;31;
2001068;"213124";26;"Flattach";"Möll";"AHP";"Spittal/Drau";46.9338888889;13.1336111111;"4.40";"18.00";"90";;"150";"180";"230";"290";;"http://info.ktn.gv.at/asp/hydro/daten/QP_Flattach.gif";384798;337109;465602;130801;337109;3;384797;5;5199387;43;-15206;98;434793;2;199387;43;31
2001071;"213157";27;"Launsdorf";"Gurk";"Kärnten";"St. Veit/Glan";46.7608333333;14.4777777778;"2";"14.00";"62";;"109";"135";"180";"230";"430";"http://info.ktn.gv.at/asp/hydro/daten/QP_Launsdorf.gif";487393;318503;464539;142840;318502;9;487393;3;5180768;39;87418;6;537418;6;180768;39;31
2001073;"213173";28;"Lavamünd";"Drau";"Kärnten";"Wolfsberg, Völkermarkt";46.6411111111;14.9436111111;"95.00";"280.00";"850";;"1240";"1470";"1900";"2400";"3500";"http://info.ktn.gv.at/asp/hydro/daten/QP_Lavamuend.gif";523230;305818;463828;145637;305818;47;523229;72;5168070;5;123248;63;573248;63;168070;5;31
2001075;"213199";29;"Drauhofen AHP";"Drau";"AHP";"Spittal/Drau";46.8261111111;13.3886111111;"27.00";"107.00";"450";;"720";"780";"860";"920";;"http://info.ktn.gv.at/asp/hydro/daten/QP_Drauhofen.gif";404216;325115;464934;132319;325114;6;404216;2;5187389;51;4217;32;454217;32;187389;51;31
2001077;"213215";30;"Amlach";"Drau";"Kärnten";"Spittal/Drau";46.7744444444;13.5238888889;"35.00";"128.00";"585";;"840";"955";"1140";"1340";;"http://info.ktn.gv.at/asp/hydro/daten/QP_Amlach.gif";414548;319390;464628;133126;319389;5;414548;2;5181662;69;14551;98;464551;98;181662;69;31
2001082;"213272";31;"St.Andrä";"Ossiacher See";"Kärnten";"Villach, Villach Land";46.6511111111;13.8983333333;"105.00";"124.00";"130";"152";"171";"183";"196";"205";;"http://info.ktn.gv.at/asp/hydro/daten/Ossiachersee_dia5.gif";443235;305824;463904;135354;305823;54;443234;94;5168091;43;43245;25;493245;25;168091;43;31
2001091;"213371";32;"Fischering";"Lavant";"Kärnten";"Wolfsberg";46.7844444444;14.8352777778;"2.40";"8.40";"57";;"110";"140";"195";"260";"500";"http://info.ktn.gv.at/asp/hydro/daten/QP_Fischering.gif";514639;321591;464704;145007;321590;8;514639;3;5183846;37;-114378;88;635621;12;183846;37;34
2001093;"213397";33;"Mölbling";"Gurk";"Kärnten";"St. Veit/Glan";46.8605555556;14.4508333333;"4.19";"12.30";"63";;"100";"125";"165";"220";;"http://info.ktn.gv.at/asp/hydro/daten/QP_Moelbling.gif";485176;329553;465138;142703;329553;41;485176;45;5191823;23;85202;75;535202;75;191823;23;31
2002237;;34;"Leoben";"Lieser";"AHP";;45.7027777778;14.2441666667;;;;;;;;;;"http://info.ktn.gv.at/asp/hydro/daten/Leoben_dia1_Q.gif";420341;337125;454210;141439;200702;470934;5062953;70925;3;520925;3;62953;31;;;;
2002241;;35;"Arnoldstein AHP";"Gail";"AHP";;45.3294444444;14.3238888889;;;;;;;;;;"http://info.ktn.gv.at/asp/hydro/daten/ArnoldsteinGail_dia1_Q.gif";424782;296820;451946;141926;159262;477680;5021518;4;77653;22;527653;22;21518;4;31;;
2002361;"213629";36;"Greifenburg";"Drau";"AHP";"Spittal/Drau";46.7388888889;13.1891666667;"15.2";"69.2";"310.0";;"475.0";"570.0";"770.0";"1025.0";"1940.0";"http://info.ktn.gv.at/asp/hydro/daten/QP_Greifenburg.gif";388986;315431;464420;131121;315430;67;388985;93;5177702;93;-11016;87;438983;13;177702;93;31
2002362;"213637";37;"Hermagor AHP";"Gail";"AHP";"Hermagor";46.6061111111;13.4138888889;;;;;;;;;;"http://info.ktn.gv.at/asp/hydro/daten/Hermagor_dia1_Q.gif";406176;300659;463622;132450;300659;24;406176;5;5162928;9;6177;38;456177;38;162928;9;31
2002418;"213694";38;"Gmünd - Lieser mit Malta";"Lieser";"AHP";;0;0;"2.3";"10.8";"105.0";;"200.0";"250.0";"330.0";"430.0";"860.0";"http://info.ktn.gv.at/asp/hydro/daten/QP_GmuendLiesermitMalta.gif";415001;333476;0;0;333476;415001;;;;;;;;;;;
2002432;;39;"Villach Tschinowitsch AHP";"Gail";"AHP";;0;0;"12";"47";"350";;"555";"655";"820";"1000";"1800";"http://info.ktn.gv.at/asp/hydro/daten/QP_Tschinowitsch.gif";440197;299462;0;0;299462;440197;;;;;;;;;;;
3001005;"207654";40;"Opponitz (Mirenau)";"Ybbs";"Niederösterreich";"Amstetten";47.89;14.8288888889;"5.16";"19.70";"210";"300";"400";"450";"0.05";"630";;"http://www.noel.gv.at/Externeseiten/wasserstand/wiskiwebpublic/stat_38251.htm";511788;444419;475324;144944;444419;2;511787;6;5306752;4;-112492;8;637507;2;306752;4;34
3001008;"207688";41;"Greimpersdorf";"Ybbs";"Niederösterreich";;48.1113888889;14.8919444444;"8.71";"30.30";"320";"430";"600";"730";"900";"1100";;"http://www.noel.gv.at/Externeseiten/wasserstand/wiskiwebpublic/stat_36719.htm";516012;469115;480641;145331;469114;7;516012;1;5331277;2;-107312;4;642687;6;331277;2;34
3001020;"207803";42;"Niederndorf";"Erlauf";"Niederösterreich";"Melk";48.1705555556;15.1747222222;"4.32";"14.30";"170";"240";"310";"365";"470";"570";;"http://www.noel.gv.at/Externeseiten/wasserstand/wiskiwebpublic/stat_39311.htm";536899;476132;481014;151029;476132;2;536898;9;5337481;8;-86160;7;663839;3;337481;8;34
3001025;"207852";43;"Hofstetten (Bad)";"Pielach";"Niederösterreich";"St. Pölten Land";48.0963888889;15.5136111111;"1.79";"6.50";"90";"130";"180";"230";"300";"370";;"http://www.noel.gv.at/Externeseiten/wasserstand/wiskiwebpublic/stat_1239915.htm";562304;468562;480547;153049;468562;2;562303;5;5328930;8;-61059;7;688940;3;328930;8;34
3001027;"207878";44;"Imbach";"Krems";"Niederösterreich";"Krems Bezirk";48.4458333333;15.5680555556;"0.52";"1.90";"20";;"60";"98";"150";"220";;"http://www.noel.gv.at/Externeseiten/wasserstand/wiskiwebpublic/stat_854824.htm";565237;507503;482645;153405;507503;2;565237;5;5367740;1;-56618;7;693381;3;367740;1;34
3001029;"207894";45;"Lilienfeld";"Traisen";"Niederösterreich";"Lilienfeld";48.0266666667;15.6052777778;"4.12";"8.40";"60";"90";"145";"175";"250";"325";;"http://www.noel.gv.at/Externeseiten/wasserstand/wiskiwebpublic/stat_5977636.htm";568255;459490;480136;153619;461017;97;569364;63;5321118;5;-54292;2;695708;321116;34;;
3001030;"207902";46;"St. Veit an der Gölsen";"Gölsen";"Niederösterreich";"Lilienfeld";48.0455555556;15.6933333333;"1.12";"3.30";"45";"70";"110";"140";"195";"260";;"http://www.noel.gv.at/Externeseiten/wasserstand/wiskiwebpublic/stat_5449495.htm";575858;463310;480244;154136;463310;4;575857;9;5323156;3;-47714;702286;323156;3;34;;
3001031;"207910";47;"Windpassing";"Traisen";"Niederösterreich";"St. Pölten, St. Pölten Land";48.1455555556;15.6411111111;"5.79";"13.50";"110";"180";"280";"380";"540";"725";;"http://www.noel.gv.at/Externeseiten/wasserstand/wiskiwebpublic/stat_40628.htm";571629;474297;480844;153828;474297;1;571629;1;5334301;9;-51515;9;698484;1;334301;9;34
3001034;"207944";48;"Zwettl (Bahnbrücke)";"Kamp";"Niederösterreich";"Zwettl";48.6108333333;15.1733333333;"1.26";"5.80";"45";"60";"95";"117";"171";"242";;"http://www.noel.gv.at/Externeseiten/wasserstand/wiskiwebpublic/stat_41304.htm";535634;525080;483639;151024;525080;535633;6;5386456;8;-85525;5;664474;5;386456;8;34;
3001039;"207993";49;"Stiefern";"Kamp";"Niederösterreich";"Krems Bezirk";48.5352777778;15.6911111111;"3.19";"8.60";"70";"100";"155";"211";"325";"480";;"http://www.noel.gv.at/Externeseiten/wasserstand/wiskiwebpublic/stat_41980.htm";574051;517705;483207;154128;517705;2;574051;4;5377595;-47413;9;702586;1;377595;34;;
3001040;"208009";50;"Atzenbrugg (Bundesstrasse)";"Perschling";"Niederösterreich";"Tulln";48.2897222222;15.9108333333;"0.21";"1.59";"32";;"110";"125";"168";"212";;"http://www.noel.gv.at/Externeseiten/wasserstand/wiskiwebpublic/stat_1794861.htm";591164;490945;481723;155439;490944;8;591163;5;5350186;5;-31346;5;718653;5;350186;5;34
3001041;"208017";51;"Siegersdorf";"Gr. Tulln";"Niederösterreich";"St. Pölten Land, Tulln";48.2558333333;15.9394444444;"0.24";"1.22";"30";;"90";"110";"150";"220";;"http://www.noel.gv.at/Externeseiten/wasserstand/wiskiwebpublic/stat_1776584.htm";593400;487243;481521;155622;487243;6;593399;9;5346400;6;-29254;5;720745;5;346400;6;34
3001044;"208041";52;"Hollenstein";"Schmida";"Niederösterreich";"Hollabrunn";48.5555555556;15.9294444444;"0.07";"0.24";"3";"4";"7";"10";"16";"25";;"http://www.noel.gv.at/Externeseiten/wasserstand/wiskiwebpublic/stat_1795314.htm";591562;520507;483320;155546;520507;3;591562;3;5379718;1;-29804;3;720195;7;379718;1;34
3001045;"208058";53;"Obermallebarn";"Göllersbach";"Niederösterreich";"Korneuburg, Hollabrunn";48.4652777778;16.1588888889;"0.17";"0.38";"5";"8";"11";"98";"150";"220";;"http://www.noel.gv.at/Externeseiten/wasserstand/wiskiwebpublic/stat_1796220.htm";608831;511079;482755;160932;511079;4;608830;6;5369627;5;-12910;2;737089;8;369627;5;34
3001048;"208090";54;"Cholerakapelle";"Schwechat";"Niederösterreich";;48.0141666667;16.1725;"0.25";"1.54";"33";;"85";"116";"175";"234";;"http://www.noel.gv.at/Externeseiten/wasserstand/wiskiwebpublic/stat_1777065.htm";611669;461007;480051;161021;461006;5;611668;8;5319469;6;-12008;737992;319469;6;34;;
3001050;"208116";55;"Fahrafeld";"Triesting";"Niederösterreich";"Baden";47.9797222222;16.0683333333;"0.60";"1.95";"30";"55";"90";"125";"175";"235";;"http://www.noel.gv.at/Externeseiten/wasserstand/wiskiwebpublic/stat_39750.htm";604041;456907;475847;160406;456907;604041;2;5315666;4;-19790;4;730209;6;315666;4;34;
3001051;"208124";56;"Hirtenberg";"Triesting";"Niederösterreich";"Baden";47.93;16.1777777778;"0.87";"2.80";"40";"60";"100";"160";"220";"300";;"http://www.noel.gv.at/Externeseiten/wasserstand/wiskiwebpublic/stat_158975.htm";612424;451666;475548;161040;451665;6;612423;8;5310103;7;-11614;738386;310103;7;34;;
3001064;"208272";57;"Gutenstein (Kirche)";"Piesting";"Niederösterreich";"Wiener Neustadt Bezirk";47.8758333333;15.8869444444;"0.47";"0.96";"7";"9";"15";"22";"33";"47";;"http://www.noel.gv.at/Externeseiten/wasserstand/wiskiwebpublic/stat_165025.htm";590910;444914;475233;155313;444914;3;590909;9;5304185;9;-33379;5;716620;5;304185;9;34
3001065;"208280";58;"Wöllersdorf (Hydro)";"Piesting";"Niederösterreich";"Wiener Neustadt Bezirk";47.8647222222;16.1805555556;"1.41";"3.27";"17";"27";"47";"70";"100";"132";;"http://www.noel.gv.at/Externeseiten/wasserstand/wiskiwebpublic/stat_42656.htm";612894;444432;475153;161050;444431;9;612894;4;5302854;6;-11423;738577;302854;6;34;;
3001082;"208462";59;"Ehrendorf";"Lainsitz";"Niederösterreich";"Gmünd";48.7577777778;14.9583333333;"0.52";"2.20";"17";"22";"35";"50";"75";"110";;"http://www.noel.gv.at/Externeseiten/wasserstand/wiskiwebpublic/stat_165905.htm";519444;541038;484528;145730;541037;8;519443;8;5403036;7;-101085;7;648914;3;403036;7;34
3001085;"208579";60;"Hoheneich";"Braunaubach";"Niederösterreich";"Gmünd";48.7719444444;15.0088888889;"0.24";"2.18";"18";"26";"32";"46";"65";"90";;"http://www.noel.gv.at/Externeseiten/wasserstand/wiskiwebpublic/stat_150966.htm";523122;542700;484619;150032;542700;4;523122;3;5404554;8;-97344;5;652655;5;404554;8;34
3001088;"208611";61;"Schwarzenau (Süd)";"Deutsche Thaya";"Niederösterreich";"Zwettl";48.7419444444;15.2591666667;"0.12";"1.08";"26";"35";"50";"60";"75";"95";;"http://www.noel.gv.at/Externeseiten/wasserstand/wiskiwebpublic/stat_106803.htm";541590;539791;484431;151533;539791;1;541590;1;5400928;7;-79000;3;670999;7;400928;7;34
3001089;"208629";62;"Raabs an der Thaya";"Thaya";"Niederösterreich";"Waidhofen/Thaya";48.8455555556;15.5002777778;"1.11";"7.10";"90";"125";"160";"199";"274";"360";;"http://www.noel.gv.at/Externeseiten/wasserstand/wiskiwebpublic/stat_43332.htm";559001;551783;485044;153001;551783;4;559000;9;5412236;8;-61134;1;688865;9;412236;8;34
3001090;"208637";63;"Zwingendorf";"Pulkau";"Niederösterreich";;48.7202777778;16.2436111111;"0.06";"0.34";"6";"12";"15";"19";"30";"46";;"http://www.noel.gv.at/Externeseiten/wasserstand/wiskiwebpublic/stat_630942.htm";614031;539653;484313;161437;539652;9;614030;8;5397983;4;-6609;1;743390;9;397983;4;34
3001098;"208710";64;"Gloggnitz (Adlerbrücke)";"Schwarza";"Niederösterreich";"Neunkirchen";47.6772222222;15.9394444444;"2.95";"8.80";"70";"100";"140";"190";"270";"350";;"http://www.noel.gv.at/Externeseiten/wasserstand/wiskiwebpublic/stat_100314.htm";595566;422975;474038;155622;422975;595566;1;5282076;1;-29572;8;720427;2;282076;1;34;
3001107;"208835";65;"Warth";"Pitten";"Niederösterreich";"Neunkirchen";47.6547222222;16.1313888889;"1.21";"3.20";"35";"60";"85";"100";"135";"175";;"http://www.noel.gv.at/Externeseiten/wasserstand/wiskiwebpublic/stat_44008.htm";610061;420986;473917;160753;420985;8;610060;8;5279527;5;-15160;9;734839;1;279527;5;34
3001109;"208850";66;"Erlaufboden (EVN)";"Große Erlauf";"Niederösterreich";"Scheibbs";47.8816666667;15.265;"1.35";"4.60";"40";"55";"83";"95";"125";"165";;"http://www.noel.gv.at/Externeseiten/wasserstand/wiskiwebpublic/stat_5344.htm";544400;444219;475254;151554;444218;6;544399;9;5305289;1;-79898;7;670101;3;305289;1;34
3001121;"208991";67;"Deutsch Brodersdorf (Strassenbrüc";"Leitha";"Niederösterreich";"Eisenstadt Umgebung, Baden";47.9383333333;16.4786111111;"3.14";"9.80";"55";"75";"110";"150";"185";"220";;"http://www.noel.gv.at/Externeseiten/wasserstand/wiskiwebpublic/stat_41989271.htm";634815;453471;475618;162843;453470;6;634815;1;5311043;10837;3;760837;3;311043;34;;
3001122;"209007";68;"Deutsch Haslau";"Leitha";"Niederösterreich";"Bruck/Leitha, Neusiedl am See";48.0466666667;16.9447222222;"3.08";"10.30";"44";"48";"63";"75";"96";"120";;"http://www.noel.gv.at/Externeseiten/wasserstand/wiskiwebpublic/stat_25268.htm";669015;467163;480248;165641;467163;4;669014;5;5323411;1;45550;5;795550;5;323411;1;34
3001135;"209189";69;"Niederabsdorf";"Zaya";"Niederösterreich";"Gänserndorf";48.575;16.8675;"0.30";"0.68";"5";;"12";"17";"28";"42";;"http://www.noel.gv.at/Externeseiten/wasserstand/wiskiwebpublic/stat_1795767.htm";660600;525512;483430;165203;525511;6;660599;9;5382055;2;39387;1;789387;1;382055;2;34
3001150;"209338";70;"Frauenhofen";"Taffa";"Niederösterreich";"Horn";48.6775;15.6369444444;"0.08";"0.39";"7";"13";"22";"32";"51";"75";;"http://www.noel.gv.at/Externeseiten/wasserstand/wiskiwebpublic/stat_630505.htm";569577;533385;484039;153813;533384;6;569577;4;5393439;2;-51277;8;698722;2;393439;2;34
3001152;"209361";71;"Türnitz (Markt)";"Türnitztraisen";"Niederösterreich";"Lilienfeld";47.9283333333;15.4888888889;"1.07";"3.00";"25";"33";"50";"73";"105";"140";;"http://www.noel.gv.at/Externeseiten/wasserstand/wiskiwebpublic/stat_44684.htm";560995;449836;475542;152920;449836;4;560994;9;5310263;2;-63092;3;686907;7;310263;2;34
3001161;"209452";72;"Asparn an der Zaya";"Zaya";"Niederösterreich";"Mistelbach";48.5897222222;16.4952777778;"0.04";"0.11";"0.9";"3";"6";"9";"14.5";"22";;"http://www.noel.gv.at/Externeseiten/wasserstand/wiskiwebpublic/stat_157485.htm";633121;525859;483523;162943;525859;1;633121;3;5383461;3;11937;6;761937;6;383461;3;34
3001163;"209478";73;"Klausenleopoldsdorf";"Schwechat";"Niederösterreich";"Baden";48.0880555556;16.0177777778;"0.03";"0.87";"19";"27";"45";"60";"80";"110";;"http://www.noel.gv.at/Externeseiten/wasserstand/wiskiwebpublic/stat_5574.htm";599861;468805;480517;160104;468804;7;599861;2;5327720;7;-23508;8;726491;2;327720;7;34
3001171;"209551";74;"Lunz am See (Seestrasse)";"Ois";"Niederösterreich";"Scheibbs";47.8611111111;15.0327777778;"1.00";"4.50";"58";"82";"115";"135";"165";"195";;"http://www.noel.gv.at/Externeseiten/wasserstand/wiskiwebpublic/stat_53431.htm";527084;441516;475140;150158;441515;5;527084;4;5303256;9;-97313;652687;303256;9;34;;
3003017;"208140";75;"Oed";"Piesting";"Niederösterreich";"Wiener Neustadt Bezirk";47.8791666667;16.0236111111;"0.76";"1.80";"16";"25";"41";"55";"75";"110";;"http://www.noel.gv.at/Externeseiten/wasserstand/wiskiwebpublic/stat_5114.htm";601107;445626;475245;160125;445625;54;601107;7;5304503;-23159;726841;304503;34;;;;
3003041;"208769";76;"Wolkersdorf";"Russbach";"Niederösterreich";;0;0;"0.07";"0.22";"5";;"9";"12";"17";"23";;"http://www.noel.gv.at/Externeseiten/wasserstand/wiskiwebpublic/stat_869512.htm";635862;502703;0;0;502703;635862;;;762745;361552;34;;;;;;
3003047;"208777";77;"Herzogenburg";"Traisen";"Niederösterreich";;0;0;"1.20";"4.00";"115";"190";"285";"400";"570";"765";;"http://www.noel.gv.at/Externeseiten/wasserstand/wiskiwebpublic/stat_5980185.htm";575883;489776;0;0;489776;575883;;;;;;;;;;;
3003048;"208793";78;"Ramsau";"Ramsaubach";"Niederösterreich";;0;0;"0.25";"0.78";"10";"17";"24";"31";"44";"60";;"http://www.noel.gv.at/Externeseiten/wasserstand/wiskiwebpublic/stat_5962555.htm";584577;458848;0;0;458848;584577;;;;;;;;;;;
3001108;"208843";79;"Bad Erlach";"Pitten";"Niederösterreich";"Wiener Neustadt Bezirk";47.7272222222;16.2144444444;"1.23";"3.25";"30";"44";"66";"96";"139";"189";;"http://www.noel.gv.at/Externeseiten/wasserstand/wiskiwebpublic/stat_41995157.htm";615980;429264;474338;161252;429264;3;615980;4;5287574;1;-8923;9;741076;1;287574;1;34
3003114;"214254";80;"Göstling";"Ybbs";"Niederösterreich";"Scheibbs";47.8127777778;14.9294444444;"4.0";"13.00";"138";"195";"265";"305";"372";"435";;"http://www.noel.gv.at/externeseiten/wasserstand/wiskiwebpublic/stat_41994251.htm";519830;435680;474846;145546;436000;59;519477;16;5298038;-105120;644880;31;298038;16;34;;
3003088;"209155";81;"Haugsdorf";"Pulkau";"Niederösterreich";;48.7102777778;16.6072222222;"0.01";"0.05";"6.0";"13";"16";"21";"33";"50";;"http://www.noel.gv.at/externeseiten/wasserstand/wiskiwebpublic/stat_18336910.htm";602030;538180;484237;163626;539579;94;640809;75;5396877;20150;770150;3;396877;16;34;;
3001009;"207696";82;"Krenstetten";"Urlbach";"Niederösterreich";"Amstetten";48.0586111111;14.7025;"0.37";"2.11";"52";"75";"100";"118";"152";"190";;"http://www.noel.gv.at/externeseiten/wasserstand/wiskiwebpublic/stat_8587608.htm";502013;462967;480331;144209;462967;2;502011;8;5325674;5;-121546;8;628453;2;325674;5;34
3001103;"208785";83;"Loipersbach";"Schwarza";"Niederösterreich";"Neunkirchen";47.7208333333;16.1230555556;"0.01";"3.00";"40";"60";;"162";"240";"330";;"http://www.noel.gv.at/externeseiten/wasserstand/wiskiwebpublic/stat_41994704.htm";609457;428306;474315;160723;428306;1;609156;6;5286880;-15781;9;734218;1;286880;34;;
3003093;"209882";84;"Scheibbs";"Große Erlauf";"Niederösterreich";"Scheibbs";48.0036111111;15.1672222222;"3.50";"10.00";"70";"105";"156";"201";"261";"327";;"http://www.noel.gv.at/externeseiten/wasserstand/wiskiwebpublic/stat_9121863.htm";536110;458900;480013;151002;457588;34;536779;81;5318949;-86992;663008;31;318949;16;34;;
3003059;"209130";85;"Ybbsitz (Obergurhof)";"Kleine Ybbs";"Niederösterreich";"Amstetten";47.9455555556;14.8811111111;"0.80";"2.50";"38";"53";"75";"95";"122";"150";;"http://www.noel.gv.at/externeseiten/wasserstand/wiskiwebpublic/stat_18421174.htm";515440;450690;475644;145252;450681;53;515569;22;5312866;-108457;641543;31;312866;16;34;;
3001145;"209288";86;"Zillingdorf";"Leitha";"Niederösterreich";"Wiener Neustadt Bezirk";47.8572222222;16.3258333333;"0.01";"2.50";"42";"60";"100";"135";"200";"274";;"http://www.noel.gv.at/externeseiten/wasserstand/wiskiwebpublic/stat_41991971.htm";623775;444010;475126;161933;444009;5;623775;1;5302011;8;-563;1;749436;9;302011;8;34
3003049;"208868";87;"Hohenberg (Süd)";"Traisen";"Niederösterreich";;0;0;"0.80";"2.60";"17";"22";"33";"43";"60";"81";;"http://www.noel.gv.at/Externeseiten/wasserstand/wiskiwebpublic/stat_5978297.htm";570988;447312;0;0;447312;570988;;;;;0;;;;;;
4001024;"204750";88;"Haging";"Antiesen";"Oberösterreich";"Ried/Innkreis";48.2736111111;13.4511111111;;;;;;;;;;"http://www2.land-oberoesterreich.gv.at/internethydro/Online/Start.jsp?station=16";408739;485987;481625;132704;485994;1;408737;8;5348320;8740;458740;348320;31;;;;
4001026;"204776";89;"Schärding";"Inn";"Oberösterreich";"Schärding";48.4361111111;13.4416666667;;;;;;;;;;"http://www2.land-oberoesterreich.gv.at/internethydro/Online/Start.jsp?station=9";407045;506363;482610;132630;504017;85;407992;88;5366373;8013;458013;366373;31;;;;
4001035;"204867";90;"Pramerdorf";"Pram";"Oberösterreich";"Schärding";48.4316666667;13.4633333333;;;;;;;;;;"http://www2.land-oberoesterreich.gv.at/internethydro/Online/Start.jsp?station=15";409617;503557;482554;132748;503570;3;409608;5365900;9610;459610;365900;31;;;;;
4001088;"205419";91;"Vöcklabruck";"Vöckla";"Oberösterreich";"Vöcklabruck";48.0097222222;13.6594444444;;;;;;;;;;"http://www2.land-oberoesterreich.gv.at/internethydro/Online/Start.jsp?station=10";424300;456761;480035;133934;456752;2;424302;7;5319070;24310;474310;319070;31;;;;
4001092;"205450";92;"Fischerau";"Ager";"Oberösterreich";"Wels Land";48.0855555556;13.8391666667;"125.00";"155.00";"265";;"300";"320";"345";"370";;"http://www2.land-oberoesterreich.gv.at/internethydro/Online/Start.jsp?station=18";437649;465292;480508;135021;465298;8;437638;8;5327620;37650;487650;327620;31;;;;
4001097;"205518";93;"Penningersteg";"Alm";"Oberösterreich";"Wels Land";48.0522222222;13.9241666667;;;;;;;;;;"http://www2.land-oberoesterreich.gv.at/internethydro/Online/Start.jsp?station=19";443985;461694;480308;135527;461684;7;443986;7;5324005;44000;494000;324005;31;;;;
4001117;"205740";94;"Reichraming";"Reichramingbach";"Oberösterreich";"Steyr Land";47.8822222222;14.4566666667;;;;;;;;;;"http://www2.land-oberoesterreich.gv.at/internethydro/Online/Start.jsp?station=21";483910;443609;475256;142724;443602;1;483907;9;5305919;83937;533937;305919;31;;;;
4001129;"205864";95;"Klaus an der Pyhrnbahn";"Steyr";"Oberösterreich";"Steyr, Kirchdorf/Krems";47.8283333333;14.1608333333;;;;;;;;;;"http://www2.land-oberoesterreich.gv.at/internethydro/Online/Start.jsp?station=13";461884;437096;474942;140939;437097;461889;5299410;61910;511910;299410;31;;;;;;
4001132;"205898";96;"Molln";;"Oberösterreich";;47.8905555556;14.2813888889;;;;;;;;;;"http://www2.land-oberoesterreich.gv.at/internethydro/Online/Start.jsp?station=22";470799;444206;475326;141653;444208;8;470803;2;5306525;70827;520827;306525;31;;;;
4001134;"205922";97;"Steyr (Ortskai)";"Enns";"Oberösterreich";"Steyr, Steyr Land";48.0394444444;14.4266666667;"45.00";"133.00";"330";;"450";"515";"610";"700";;"http://www2.land-oberoesterreich.gv.at/internethydro/Online/Start.jsp?station=14";481424;461016;480222;142536;461016;2;481423;6;5323340;81450;531450;323340;31;;;;
4001154;"206128";98;"Theresienthal (Gmunden)";"Traun";"Oberösterreich";"Gmunden";47.9363888889;13.8011111111;"90.00";"180.00";"395";;"465";"495";"520";"575";;"http://www2.land-oberoesterreich.gv.at/internethydro/Online/Start.jsp?station=11";434900;448696;475611;134804;448704;434899;5311020;34910;484910;311020;31;;;;;;
4001181;"206391";99;"Wels-Lichtenegg";"Traun (ohne Mühlbach";"Oberösterreich";"Wels Land, Wels";48.14;13.9972222222;"41.20";"132.00";"660";;"955";"1100";"1380";"1700";;"http://www2.land-oberoesterreich.gv.at/internethydro/Online/Start.jsp?station=12";449345;471524;480824;135950;471516;1;449345;7;5333840;49360;499360;333840;31;;;;
5001002;"203026";100;"Wald i. Pzg.";"Salzach";"Salzburg";"Zell am See";47.2438888889;12.2330555556;"0.6";"7.3";"65";;"100";"130";"180";"250";;"http://www.salzburg.gv.at/wasserwirtschaft/6-64-seen/hdweb/stations/203026/station.html";316739;372128;471438;121359;372128;21;316739;48;5234415;-83285;366715;234415;31;;;;
5001003;"203034";101;"Sulzau";"Obersulzbach";"Salzburg";"Zell am See";47.2319444444;12.2469444444;"0.32";"4.70";"40";;"55";"70";"90";"140";;"http://www.salzburg.gv.at/wasserwirtschaft/6-64-seen/hdweb/stations/203034/station.html";317774;370774;471355;121449;370773;71;317774;18;5233060;-82250;367750;233060;31;;;;
5001007;"203075";102;"Mittersill";"Salzach";"Salzburg";"Zell am See";47.2836111111;12.4808333333;"3.82";"25";"175";;"255";"290";"340";"380";;"http://www.salzburg.gv.at/wasserwirtschaft/6-64-seen/hdweb/stations/203075/station.html";335530;376321;471701;122851;376320;57;335530;11;5238610;-64490;385510;238610;31;;;;
5001011;"203117";103;"Zell am See";"Zeller See";"Salzburg";"Zell am See";47.3233333333;12.8008333333;"180.00";"195.00";"218";;"235";"241";"250";"260";;"http://www.salzburg.gv.at/wasserwirtschaft/6-64-seen/hdweb/stations/203117/station.html";359763;380498;471924;124803;380498;29;359763;21;5242790;-40250;409750;242790;31;;;;
5001019;"203208";104;"Bad Hofgastein";"Gasteiner Ache";"Salzburg";"St. Johann";47.1636111111;13.1094444444;"1.67";"10.2";"75";;"120";"145";"170";"210";;"http://www.salzburg.gv.at/wasserwirtschaft/6-64-seen/hdweb/stations/203208/station.html";383021;362634;470949;130634;362633;93;383020;5;5224920;-16985;433015;224920;31;;;;
5001025;"203265";105;"Schwaighofbrücke";"Lammer";"Salzburg";"Hallein";47.5744444444;13.3855555556;"1.80";"5.80";"60";;"115";"140";"190";"240";;"http://www.salzburg.gv.at/wasserwirtschaft/6-64-seen/hdweb/stations/203265/station.html";403919;408268;473428;132308;408268;42;403918;69;5270570;3920;453920;270570;31;;;;
5001026;"203307";106;"Obergäu";"Lammer";"Salzburg";"Hallein";47.5844444444;13.1827777778;"3.20";"18";"200";;"340";"400";"520";"650";;"http://www.salzburg.gv.at/wasserwirtschaft/6-64-seen/hdweb/stations/203307/station.html";388674;409383;473504;131058;409383;3;388673;88;5271685;-11330;438670;271685;31;;;;
5001028;"203323";107;"Golling";"Salzach";"Salzburg";"Hallein";47.5963888889;13.1641666667;"42.40";"141.00";"630";;"890";"1015";"1200";"1420";;"http://www.salzburg.gv.at/wasserwirtschaft/6-64-seen/hdweb/stations/203323/station.html";387284;410718;473547;130951;410717;57;387284;34;5273020;-12720;437280;273020;31;;;;
5001030;"203349";108;"Adnet";"Almbach";"Salzburg";"Hallein";47.7086111111;13.1319444444;"2.00";"8.33";"100";;"180";"220";"280";"350";;"http://www.salzburg.gv.at/wasserwirtschaft/6-64-seen/hdweb/stations/203349/station.html";384895;423213;474231;130755;423213;3;384895;7;5285520;-15110;434890;285520;31;;;;
5001034;"203398";109;"Salzburg";"Salzach";"Salzburg";;47.8169444444;13.0375;"55.30";"177.00";"850";;"1365";"1640";"2130";"2760";;"http://www.salzburg.gv.at/wasserwirtschaft/6-64-seen/hdweb/stations/203398/station.html";377857;435259;474901;130215;435259;16;377857;2;5297570;-22150;427850;297570;31;;;;
5001044;"203497";110;"Weißbach";"Saalach";"Salzburg";"Zell am See";47.5227777778;"12.75";"4.5";"20";"150";;"250";"300";"375";"450";;"http://www.salzburg.gv.at/wasserwirtschaft/6-64-seen/hdweb/stations/203497/station.html";356095;402700;473122;124500;402700;29;356094;55;5265000;-43920;406080;265000;31;;;;
5001048;"203539";111;"Oberndorf";"Salzach";"Salzburg";"Salzburg Umgebung";47.9402777778;"12.9275";"83.30";"240.00";"1160";;"1720";"1980";"2400";"2870";;"http://www.salzburg.gv.at/wasserwirtschaft/6-64-seen/hdweb/stations/203539/station.html";369689;449004;475625;125539;449004;42;369689;35;5311320;-30320;419680;311320;31;;;;
5001041;"203463";112;"Viehhofen";"Saalach";"Salzburg";"Zell am See";47.3661111111;12.7363888889;"0.97";"5.26";"40";;"65";"80";"110";"145";;"http://www.salzburg.gv.at/wasserwirtschaft/6-64-seen/hdweb/stations/203463/station.html";354925;385307;472158;124411;385306;65;354924;79;5247600;-45090;404910;247600;31;;;;
5001052;"203570";113;"Siezenheim";"Saalach";"Salzburg";"Salzburg Umgebung";47.8122222222;12.975;"7.27";"39.10";"335";;"550";"655";"830";"1030";;"http://www.salzburg.gv.at/wasserwirtschaft/6-64-seen/hdweb/stations/203570/station.html";373169;434749;474844;125830;434749;23;373168;7;5297060;-26840;423160;297060;31;;;;
5001053;"203588";114;"Wallersee (SP)";"Wallersee";"Salzburg";"Salzburg Umgebung";47.9163888889;13.1583333333;"115.00";"140.00";"199";;"254";"275";"305";"345";;"http://www.salzburg.gv.at/wasserwirtschaft/6-64-seen/hdweb/stations/203588/station.html";386934;446296;475459;130930;446295;72;386934;14;5308610;-13070;436930;308610;31;;;;
5001055;"203604";115;"Mattsee";"Mattsee";"Salzburg";"Salzburg Umgebung";47.9719444444;13.1080555556;"110.00";"128.00";"160";;"190";"205";"225";"245";;"http://www.salzburg.gv.at/wasserwirtschaft/6-64-seen/hdweb/stations/203604/station.html";383190;452484;475819;130629;452483;7;383190;19;5314800;-16815;433185;314800;31;;;;
5001056;"203612";116;"Obertrum";"Obertrumer See";"Salzburg";"Salzburg Umgebung";47.9430555556;13.0738888889;"110";"145";"173";;"200";"215";"240";"250";;"http://www.salzburg.gv.at/wasserwirtschaft/6-64-seen/hdweb/stations/203612/station.html";380616;449270;475635;130426;449269;65;380616;4;5311585;-19390;430610;311585;31;;;;
5001059;"203646";117;"St.Gilgen";"Wolfgangsee";"Salzburg";"Salzburg Umgebung";47.7663888889;13.3694444444;"75.00";"92.00";"118";;"150";"166";"185";"205";;"http://www.salzburg.gv.at/wasserwirtschaft/6-64-seen/hdweb/stations/203646/station.html";402714;429611;474559;132210;429611;22;402714;12;5291920;2715;452715;291920;31;;;;
5001060;"203653";118;"Fuschl am See";"Fuschlsee";"Salzburg";"Salzburg Umgebung";47.7986111111;13.2997222222;"80.00";"95.00";"132";;"160";"169";"183";"199";;"http://www.salzburg.gv.at/wasserwirtschaft/6-64-seen/hdweb/stations/203653/station.html";397492;433194;474755;131759;433194;4;397491;54;5295504;-2509;31;447490;69;295504;31;;
5001066;"203711";119;"Altenmarkt im Pongau";"Enns";"Salzburg";"St. Johann";47.3827777778;13.4258333333;"0.77";"3.92";"30";;"42.5";"50";"55";"65";;"http://www.salzburg.gv.at/wasserwirtschaft/6-64-seen/hdweb/stations/203711/station.html";406973;386986;472258;132533;386985;69;406972;66;5249280;6975;456975;249280;31;;;;
5001073;"203786";120;"Tamsweg";"Taurach";"Salzburg";"Tamsweg";47.1352777778;13.8036111111;"2.50";"12";"55";;"75";"90";"105";"130";;"http://www.salzburg.gv.at/wasserwirtschaft/6-64-seen/hdweb/stations/203786/station.html";435669;359585;470807;134813;359585;42;435668;82;5221870;35680;485680;221870;31;;;;
5001074;"203794";121;"Mörtelsdorf";"Mur";"Salzburg";"Tamsweg";47.1272222222;13.7888888889;"2.22";"9.14";"45";;"80";"95";"120";"150";;"http://www.salzburg.gv.at/wasserwirtschaft/6-64-seen/hdweb/stations/203794/station.html";434539;358686;470738;134720;358685;68;434539;19;5220970;34550;484550;220970;31;;;;
5001085;"203901";122;"Wallnerau";"Salzach";"Salzburg";"St. Johann";47.3111111111;13.1255555556;"23.30";"87.00";"390";;"590";"680";"830";"985";;"http://www.salzburg.gv.at/wasserwirtschaft/6-64-seen/hdweb/stations/203901/station.html";383945;378978;471840;130732;379013;47;384298;63;5241304;87;-15706;81;434293;34;241304;95;31
5001092;"203976";123;"Kendlbruck";"Mur";"Salzburg";;47.07;13.8825;"7.15";"23.7";"110";;"190";"230";"325";"425";;"http://www.salzburg.gv.at/wasserwirtschaft/6-64-seen/hdweb/stations/203976/station.html";441687;352368;470412;135257;352368;1;441687;36;5214650;41700;491700;214650;31;;;;
5001098;"204032";124;"Werfen";"Salzach";"Salzburg";"St. Johann";47.4805555556;13.1919444444;"35.50";"114.00";"515";;"730";"840";"1000";"1180";;"http://www.salzburg.gv.at/wasserwirtschaft/6-64-seen/hdweb/stations/204032/station.html";389339;397832;472850;131131;397831;99;389338;66;5260130;-10665;439335;260130;31;;;;
5002212;"204131";125;"Grabensee";"Grabensee";"Salzburg";"Salzburg Umgebung, Braunau/Inn";47.9972222222;13.0969444444;"125.00";"140.00";"175";;"200";"205";"210";;;"http://www.salzburg.gv.at/wasserwirtschaft/6-64-seen/hdweb/stations/204131/station.html";382375;455283;475950;130549;455282;66;382374;65;5317599;85;-17630;72;432369;28;317599;85;31
5002228;"203168";126;"Hundsdorf";"Salzach";"Salzburg";"Zell am See";47.2836111111;12.8413888889;"13.2";"52";"200";;"300";"340";"400";"470";;"http://www.salzburg.gv.at/wasserwirtschaft/6-64-seen/hdweb/stations/203168/station.html";362809;376072;471701;125029;376071;79;362809;17;5238362;-37203;412797;238362;31;;;;
6001015;"210641";127;"Schladming";"Enns";"Steiermark";"Liezen";47.3977777778;13.6969444444;"7.33";"21.30";"105";;"145";"170";"220";"300";;"http://app.hydrographie.steiermark.at/bilder/Internet_online/Source/Q1035.htm";427438;388713;472352;134149;388713;3;427438;29;5254311;7;-198911;7;551088;3;254311;7;34
6001025;"210740";128;"Trautenfels";"Enns";"Steiermark";"Liezen";47.515;14.0863888889;"13.82";"45.90";"208";;"310";"350";"450";"530";;"http://app.hydrographie.steiermark.at/bilder/Internet_online/Source/Q1140.htm";456688;401950;473054;140511;401949;72;456687;82;5266420;6;-169179;6;580820;4;266420;6;34
6001030;"210799";129;"Liezen (Roethelbruecke)";"Enns";"Steiermark";;47.5522222222;14.2519444444;"17.81";"63.60";"290";;"395";"450";"540";"625";;"http://app.hydrographie.steiermark.at/bilder/Internet_online/Index_pub.htm";469108;406219;473308;141507;406218;7;469108;19;5270209;7;-156604;9;593395;1;270209;7;34
6001033;"210823";130;"Admont";"Enns";"Steiermark";"Liezen";47.5816666667;14.4627777778;"24.63";"80.30";"338";;"465";"520";"630";"740";;"http://app.hydrographie.steiermark.at/bilder/Internet_online/Source/Q1554.htm";484911;409694;473454;142746;409693;65;484910;66;5273073;8;-140680;5;609319;5;273073;8;34
6001049;"210989";131;"Feldbach";"Raab";"Steiermark";"Feldbach";46.9575;15.8886111111;"1.58";"5.34";"85";;"145";"171";"212";"260";;"http://app.hydrographie.steiermark.at/bilder/Internet_online/Source/Q4240.htm";594371;342907;465727;155319;342906;8;594370;82;5202085;9;-33857;5;716142;5;202085;9;34
6001050;"210997";132;"Rohrbach";"Lafnitz";"Steiermark";"Hartberg";47.3844444444;16.0041666667;"1.06";"2.66";"35";;"66";"80";"110";"168";;"http://app.hydrographie.steiermark.at/bilder/Internet_online/Source/Q4540.htm";601544;390622;472304;160015;390622;4;601544;33;5249505;1;-24846;1;725153;9;249505;1;34
6001052;"211011";133;"Waltersdorf";"Safen";"Steiermark";"Hartberg";47.1702777778;16.0105555556;"0.55";"1.95";"39";;"74";"88";"112";"138";;"http://app.hydrographie.steiermark.at/bilder/Internet_online/Source/Q4580.htm";602846;366854;471013;160038;366854;13;602845;94;5225696;2;-24462;4;725537;6;225696;2;34
6001053;"211029";134;"Anger";"Feistritz";"Steiermark";"Weiz";47.2786111111;15.6908333333;"2.05";"5.31";"53";;"105";"120";"165";"220";;"http://app.hydrographie.steiermark.at/bilder/Internet_online/Source/Q4640.htm";578264;378113;471643;154127;378113;4;578263;98;5237899;1;-48599;2;701400;8;237899;1;34
6001055;"211045";135;"Maierhofen";"Feistritz";"Steiermark";"Fürstenfeld";47.0627777778;16.0091666667;"2.64";"7.78";"85";;"135";"160";"201";"250";;"http://app.hydrographie.steiermark.at/bilder/Internet_online/Source/Q4667.htm";603149;354901;470346;160033;354900;92;603148;78;5213736;3;-24620;9;725379;1;213736;3;34
6001059;"211086";136;"Gestuethof";"Mur";"Steiermark";"Murau";47.1111111111;14.2102777778;"9.30";"36.00";"185";;"300";"360";"450";"570";;"http://app.hydrographie.steiermark.at/bilder/Internet_online/Source/Q2055.htm";466530;357159;470640;141237;357159;39;466530;45;5221254;5;-161071;7;588928;3;221254;5;34
6001060;"211102";137;"St.Georgen";"Mur";"Steiermark";"Judenburg";47.21;14.5394444444;"12.81";"46.00";"225";;"365";"430";"520";"650";;"http://app.hydrographie.steiermark.at/bilder/Internet_online/Source/Q2170.htm";488337;368683;471236;143222;368487;69;491325;53;5231627;5;-135859;9;614140;1;231627;5;34
6001063;"211136";138;"Zeltweg";"Mur";"Steiermark";"Judenburg, Knittelfeld";47.1855555556;14.7536111111;"16.76";"57.30";"250";;"400";"460";"570";"710";;"http://app.hydrographie.steiermark.at/bilder/Internet_online/Source/Q2400.htm";507586;366033;471108;144513;366032;87;507585;52;5228547;2;-119705;5;630294;5;228547;2;34
6001072;"211227";139;"Neuberg";"Mürz";"Steiermark";"Mürzzuschlag";47.6572222222;15.5938888889;"1.95";"6.89";"60";;"100";"123";"168";"221";;"http://app.hydrographie.steiermark.at/bilder/Internet_online/Source/Q2940.htm";569698;419945;473926;153538;419944;81;569698;36;5280046;-55546;694454;280046;34;;;;
6001074;"211243";140;"Kindthal";"Mürz";"Steiermark";"Mürzzuschlag";47.5261111111;15.4730555556;"4.75";"13.80";"80";;"135";"165";"215";"275";;"http://app.hydrographie.steiermark.at/bilder/Internet_online/Source/Q3008.htm";561042;405026;473134;152823;405130;18;561043;92;5265571;-64768;6;685231;4;265571;34;;
6001079;"211292";141;"Bruck";"Mur";"Steiermark";"Bruck/Mur";47.4105555556;15.2825;"36.00";"107";"430";;"700";"760";"975";"1220";;"http://app.hydrographie.steiermark.at/bilder/Internet_online/Source/Q3100.htm";547018;391888;472438;151657;391887;91;547017;73;5252874;7;-79299;1;670700;9;252874;7;34
6001082;"211326";142;"Graz (ohne Muehlkanal)";"Mur";"Steiermark";"Graz, Graz Umgebung";47.0327777778;15.4516666667;"28.09";"107.80";"435";;"705";"765";"985";"1310";;"http://app.hydrographie.steiermark.at/bilder/Internet_online/Source/Q3397.htm";560930;350265;470158;152706;350265;17;560930;49;5210730;1;-66998;1;683001;9;210730;1;34
6001084;"211342";143;"Lieboch";"Kainach";"Steiermark";"Graz Umgebung";46.9558333333;15.3466666667;"1.90";"9.60";"105";;"220";"260";"320";"410";;"http://app.hydrographie.steiermark.at/bilder/Internet_online/Source/Q3701.htm";553178;341516;465721;152048;341516;12;553178;29;5202282;9;-75083;2;674916;8;202282;9;34
6001088;"211383";144;"Schwanberg";"Schwarze Sulm";"Steiermark";"Deutschlandsberg";46.7561111111;15.2052777778;"0.74";"1.70";"18";;"38";"46";"60";"75";;"http://app.hydrographie.steiermark.at/bilder/Internet_online/Source/Q3770.htm";542974;318995;464522;151219;319065;48;542949;91;5180234;3;-86169;4;663830;6;180234;3;34
6001095;"211458";145;"Leibnitz";"Sulm";"Steiermark";"Leibnitz";46.78;15.5283333333;"4.67";"15.60";"180";;"300";"350";"420";"500";;"http://app.hydrographie.steiermark.at/bilder/Internet_online/Source/Q3856.htm";568117;321416;464648;153142;322358;28;567535;88;5182582;5;-61471;2;688529;182580;34;;
6001099;"211490";146;"Mureck (ohne Ausleitung)";"Mur";"Steiermark";"Radkersburg";46.7116666667;15.7933333333;"56.41";"146.50";"730";;"1000";"1250";"1490";"1800";;"http://app.hydrographie.steiermark.at/bilder/Internet_online/Source/Q3902.htm";587990;315385;464242;154736;315385;2;587989;55;5174822;7;-41296;3;708703;7;174822;7;34
6001114;"211656";147;"Guendorf";"Saggau";"Steiermark";"Leibnitz";46.7202777778;15.4080555556;"0.35";"2.63";"58";;"100";"143";"160";"200";;"http://app.hydrographie.steiermark.at/bilder/Internet_online/Source/Q3805.htm";558485;315128;464313;152429;315468;63;558528;65;5176040;-70738;679262;176040;34;;;;
6001115;"211664";148;"Frauental";"Lassnitz";"Steiermark";"Deutschlandsberg";46.8275;15.2630555556;"0.55";"1.47";"19";;"42";"53";"72";"95";;"http://app.hydrographie.steiermark.at/bilder/Internet_online/Source/Q3822.htm";547161;327079;464939;151547;327079;27;547160;67;5188083;1;-81653;668347;188083;1;34;;
6001083;"211334";149;"Voitsberg";"Kainach";"Steiermark";"Voitsberg";47.0486111111;15.1488888889;"0.72";"2.79";"30";;"75";"105";"148";"190";;"http://app.hydrographie.steiermark.at/bilder/Internet_online/Source/Q3670.htm";537876;351452;470255;150856;351451;93;537875;73;5212804;3;-89994;9;660005;1;212804;3;34
6001119;"211706";150;"St. Ruprecht";"Raab";"Steiermark";"Weiz";47.1488888889;15.6677777778;"1.10";"2.65";"45";;"100";"123";"160";"201";;"http://app.hydrographie.steiermark.at/bilder/Internet_online/Source/Q4045.htm";576948;363640;470856;154004;363640;11;576948;32;5223482;5;-50472;5;699527;5;223482;5;34
6001132;"211847";151;"Mellach (ohne Muehlkanal)";"Mur";"Steiermark";"Leibnitz";46.9025;15.4938888889;"32.29";"110.00";"160";;"735";"800";"1050";"1400";;"http://app.hydrographie.steiermark.at/bilder/Internet_online/Source/Q3500.htm";564532;335883;465409;152938;335883;34;564531;73;5196215;2;-63952;6;686047;4;196215;2;34
6001138;"211904";152;"Gleinstaetten";"Sulm";"Steiermark";"Leibnitz";46.7533333333;15.3725;"1.53";"4.38";"45";;"92";"122";"165";"230";;"http://app.hydrographie.steiermark.at/bilder/Internet_online/Source/Q3791.htm";555720;319076;464512;152221;319076;34;555720;12;5179754;2;-73406;2;676593;8;179754;2;34
6001141;"211961";153;"Hoermsdorf";"Saggau";"Steiermark";"Deutschlandsberg";46.6966666667;15.2655555556;"0.212";"1";"20";;"36";"45";"61";"92";;"http://app.hydrographie.steiermark.at/bilder/Internet_online/Source/Q3800.htm";547719;312556;464148;151556;312556;33;547718;91;5173544;5;-81653;4;668346;6;173544;5;34
7001001;"201012";154;"Steeg";"Lech";"Tirol";"Reutte";47.2425;10.2938888889;"1.78";"12.70";"90";;"145";"170";"225";"320";;"http://wwwc.tirol.gv.at/wasserstand/images/Stations/201012/Parameter/W/201012_W.png";170070;375884;471433;101738;375877;57;170036;74;5233669;-2992;147008;1;233669;1;28;;
7001007;"201087";155;"Lechaschau";"Lech";"Tirol";"Reutte";47.4975;"10.71";"9.32";"44.20";"295";;"580";"740";"1030";"1425";;"http://wwwc.tirol.gv.at/wasserstand/images/Stations/201087/Parameter/W/201087_W.png";202473;403069;472951;104236;403069;34;202472;72;5262102;2;28380;9;178380;9;262102;2;28
7001008;"201095";156;"Scharnitz (Weidach)";"Isar";"Tirol";"Innsbruck Land";47.3902777778;11.2644444444;"2.35";"7.58";"24";;"46";"65";"100";"165";;"http://wwwc.tirol.gv.at/wasserstand/images/Stations/201095/Parameter/W/201095_W.png";243871;389866;472325;111552;389874;62;243887;9;5250511;70286;220286;1;250511;1;28;;
7001009;"201111";157;"Vils (Lände)";"Vils";"Tirol";"Reutte";47.5522222222;10.6511111111;"1.74";"7.69";"60";;"120";"150";"220";"325";;"http://wwwc.tirol.gv.at/wasserstand/images/Stations/201111/Parameter/W/201111_W.png";198255;409273;473308;103904;409273;46;198254;62;5268141;23925;173925;268141;28;;;;
7001015;"201178";158;"Kajetansbrücke";"Inn";"Tirol";;46.9525;10.5119444444;"7.04";"58.50";"300";;"450";"520";"625";"740";;"http://wwwc.tirol.gv.at/wasserstand/images/Stations/201178/Parameter/W/201178_W.png";185364;343057;465709;103043;343056;68;185364;23;5201454;13596;163596;201454;28;;;;
7001017;"201194";159;"Prutz";"Inn";"Tirol";"Landeck";47.0772222222;10.6613888889;"10.90";"76.60";"330";;"480";"550";"660";"795";;"http://wwwc.tirol.gv.at/wasserstand/images/Stations/201194/Parameter/W/201194_W.png";197194;356514;470438;103941;356514;8;197193;76;5215362;24901;174901;215362;28;;;;
7001027;"201293";160;"Perjen";"Inn";"Tirol";"Landeck";47.1475;10.5719444444;"7.36";"55.00";"390";;"610";"710";"870";"1045";;"http://wwwc.tirol.gv.at/wasserstand/images/Stations/201293/Parameter/W/201293_W.png";190692;364531;470851;103419;364531;33;190692;3;5223125;18093;168093;223125;28;;;;
7001043;"201459";161;"Magerbach";"Inn";"Tirol";"Imst";47.2594444444;10.875;"29.20";"146.00";"600";;"850";"970";"1150";"1345";;"http://wwwc.tirol.gv.at/wasserstand/images/Stations/201459/Parameter/W/201459_W.png";214058;376194;471534;105230;376194;42;214058;43;5235685;40999;190999;235685;28;;;;
7001049;"201525";162;"Innsbruck (oberh. Sill)";"Inn";"Tirol";"Innsbruck";47.2627777778;11.3813888889;"40.10";"164.00";"660";;"920";"1040";"1240";"1450";;"http://wwwc.tirol.gv.at/wasserstand/images/Stations/201525/Parameter/W/201525_W.png";253570;376950;471546;112253;375478;91;252360;3;5236447;79310;229310;1;236447;1;28;;
7001054;"201574";163;"Puig";"Sill";"Tirol";"Innsbruck Land";47.1136111111;11.4530555556;"2.92";"10.75";"40";;"75";"90";"120";"155";;"http://wwwc.tirol.gv.at/wasserstand/images/Stations/201574/Parameter/W/201574_W.png";257368;358784;470649;112711;358784;48;257367;78;5219951;24;84958;61;234958;61;219951;24;28
7001057;"201624";164;"Innsbruck-Reichenau";"Sill";"Tirol";"Innsbruck";47.2752777778;11.4141666667;"7.15";"24.51";"100";;"180";"215";"285";"390";;"http://wwwc.tirol.gv.at/wasserstand/images/Stations/201624/Parameter/W/201624_W.png";254857;376833;471631;112451;376833;37;254857;15;5237897;4;81753;7;231753;7;237897;4;28
7001062;"201681";165;"Jenbach-Rotholz";"Inn";"Tirol";"Schwaz";47.3894444444;11.7897222222;"64.10";"213.00";"770";;"1120";"1280";"1540";"1820";;"http://wwwc.tirol.gv.at/wasserstand/images/Stations/201681/Parameter/W/201681_W.png";283519;388867;472322;114723;388866;83;283518;89;5251032;7;109935;3;259935;3;251032;7;28
7001067;"201749";166;"Mayrhofen";"Ziller";"Tirol";"Schwaz";47.1691666667;"11.86";"3.25";"26.79";"130";;"210";"245";"300";"370";;"http://wwwc.tirol.gv.at/wasserstand/images/Stations/201749/Parameter/W/201749_W.png";288359;364304;471009;115136;364304;14;288358;8;5226585;-111670;338330;226585;31;;;;
7001068;"201756";167;"Zell";"Ziller";"Tirol";"Schwaz";47.2352777778;11.8805555556;"4.00";"29.17";"150";;"250";"295";"360";"435";;"http://wwwc.tirol.gv.at/wasserstand/images/Stations/201756/Parameter/W/201756_W.png";290038;371607;471407;115250;371607;47;290038;19;5233892;-109991;340009;233892;31;;;;
7001070;"201772";168;"Rohr";"Gerlosbach";"Tirol";"Schwaz";47.2375;11.8977777778;"0.56";"8.15";"28";;"55";"70";"90";"120";;"http://wwwc.tirol.gv.at/wasserstand/images/Stations/201772/Parameter/W/201772_W.png";291358;371833;471415;115352;371833;25;291358;2;5234118;-108671;341329;234118;31;;;;
7001071;"201780";169;"Hart im Zillertal";"Ziller";"Tirol";"Schwaz";47.3469444444;11.8630555556;"8.95";"44.50";"240";;"350";"410";"500";"600";;"http://wwwc.tirol.gv.at/wasserstand/images/Stations/201780/Parameter/W/201780_W.png";288958;384031;472049;115147;384030;57;288957;8;5246407;4;115557;4;265557;4;246407;4;28
7001073;"201806";170;"Brixlegg";"Inn";"Tirol";"Kufstein";47.4330555556;11.8733333333;"125";"250";"390";;"450";"520";"560";"620";;"http://wwwc.tirol.gv.at/wasserstand/images/Stations/201806/Parameter/W/201806_W.png";289925;393600;472559;115224;393600;25;289925;19;5256012;1;116155;266155;256012;1;28;;
7001075;"201822";171;"Mariathal";"Brandenberger Ache";"Tirol";"Kufstein";47.4552777778;11.8655555556;"2.49";"10.39";"92";;"205";"250";"300";"360";;"http://wwwc.tirol.gv.at/wasserstand/images/Stations/201822/Parameter/W/201822_W.png";289363;396038;472719;115156;396075;61;289367;23;5258372;-110663;339337;258372;31;;;;
7001077;"201848";172;"Hörbrunn";"Kelchsauer Ache";"Tirol";"Kitzbühel";47.4208333333;12.1402777778;"1.28";"5.47";"38";;"55";"62";"75";"90";;"http://wwwc.tirol.gv.at/wasserstand/images/Stations/201848/Parameter/W/201848_W.png";310023;391899;472515;120825;391899;3;310022;63;5254194;-90004;359996;254194;31;;;;
7001079;"201863";173;"Bruckhäusl";"Brixentaler Ache";"Tirol";;47.4911111111;12.1044444444;"2.84";"10.86";"58";;"125";"155";"195";"250";;"http://wwwc.tirol.gv.at/wasserstand/images/Stations/201863/Parameter/W/201863_W.png";307353;399785;472928;120616;399757;59;307432;2;5262056;-92595;357405;262056;31;;;;
7001081;"201889";174;"Kirchbichl";"Inn";"Tirol";"Kufstein";47.5233333333;12.0938888889;"99.30";"300.00";"1125";;"1590";"1800";"2160";"2550";;"http://wwwc.tirol.gv.at/wasserstand/images/Stations/201889/Parameter/W/201889_W.png";306704;403337;473124;120538;403337;13;306704;42;5265637;28;-93330;81;356669;19;265637;28;31
7001084;"201913";175;"Kitzbühel (Bahnhofsbrücke)";"Kitzbüheler Ache";"Tirol";"Kitzbühel";47.4552777778;"12.39";"1.07";"5.36";"30";;"65";"80";"100";"125";;"http://wwwc.tirol.gv.at/wasserstand/images/Stations/201913/Parameter/W/201913_W.png";328902;395465;472719;122324;395465;18;328902;29;5257762;-71120;378880;257762;31;;;;
7001085;"201921";176;"Sperten";"Aschauer Ache";"Tirol";;47.52;12.4030555556;"1.17";"4.93";"35";;"75";"95";"125";"165";;"http://wwwc.tirol.gv.at/wasserstand/images/Stations/201921/Parameter/W/201921_W.png";329972;402626;473112;122411;402626;29;329972;2;5264926;-70050;379950;264926;31;;;;
7001086;"201939";177;"St. Johann in Tirol";"Kitzbüheler Ache";"Tirol";"Kitzbühel";47.52;12.4191666667;"2.65";"11.41";"62";;"140";"175";"225";"280";;"http://wwwc.tirol.gv.at/wasserstand/images/Stations/201939/Parameter/W/201939_W.png";331181;402627;473112;122509;402627;17;331180;92;5266629;7;157032;5;307032;5;266629;7;28
7001087;"201947";178;"Almdorf";"Fieberbrunner Ache";"Tirol";"Kitzbühel";47.5197222222;"12.4425";"2.03";"6.73";"40";;"105";"135";"180";"240";;"http://wwwc.tirol.gv.at/wasserstand/images/Stations/201947/Parameter/W/201947_W.png";332931;402586;473111;122633;402586;31;332931;24;5264886;-67090;382910;264886;31;;;;
7001095;"202036";179;"Landeck-Brüggen";"Sanna";"Tirol";"Landeck";47.1441666667;10.5636111111;"4.32";"19.97";"90";;"175";"220";"305";"425";;"http://wwwc.tirol.gv.at/wasserstand/images/Stations/202036/Parameter/W/202036_W.png";190054;364184;470839;103349;364183;84;190053;62;5222753;17468;167468;222753;28;;;;
7001103;"202127";180;"Klamm";"Leutascher Ache";"Tirol";;47.3638888889;11.1133333333;"0.32";"1.41";"6";;"18";"30";"50";"70";;"http://wwwc.tirol.gv.at/wasserstand/images/Stations/202127/Parameter/W/202127_W.png";232398;387262;472150;110648;387261;65;232397;91;5247455;7;58903;2;208903;2;247455;7;28
7001117;"202283";181;"Krössbach";"Ruetz";"Tirol";;47.0805555556;11.2669444444;"0.46";"5.37";"30";;"70";"95";"140";"200";;"http://wwwc.tirol.gv.at/wasserstand/images/Stations/202283/Parameter/W/202283_W.png";243119;355477;470450;111601;355485;44;243159;64;5216106;70885;220885;216106;28;;;;
7001125;"202382";182;"Kössen-Hütte";"Großache";"Tirol";"Kitzbühel";47.6630555556;12.4166666667;"8.00";"27.11";"180";;"365";"440";"560";"700";;"http://wwwc.tirol.gv.at/wasserstand/images/Stations/202382/Parameter/W/202382_W.png";331189;418521;473947;122500;418520;95;331189;41;5280827;-68832;381168;280827;31;;;;
7001127;"212027";183;"Rabland";"Drau";"Tirol";"Lienz";46.7469444444;12.4472222222;"3.45";"8.99";"25";;"55";"70";"95";"125";;"http://wwwc.tirol.gv.at/wasserstand/images/Stations/212027/Parameter/W/212027_W.png";334312;316724;464449;122650;316695;25;332306;31;5178963;7;-67709;54;382290;63;178963;14;31
7001128;"212043";184;"Hinterbichl";"Isel";"Tirol";"Lienz";47.0158333333;12.3377777778;"0.45";"5.13";"35";;"63";"90";"150";"280";;"http://wwwc.tirol.gv.at/wasserstand/images/Stations/212043/Parameter/W/212043_W.png";324333;346673;470057;122016;346672;68;324332;85;5208950;-75688;374312;208950;31;;;;
7001132;"212084";185;"Prossegg";"Tauernbach";"Tirol";"Lienz";47.0152777778;12.5308333333;"125";"150";"240";;"275";"300";"330";"350";;"http://wwwc.tirol.gv.at/wasserstand/images/Stations/212084/Parameter/W/212084_W.png";339006;346459;470055;123151;346459;39;339006;45;5208738;-61011;388989;208738;31;;;;
7001133;"212092";186;"Brühl";"Isel";"Tirol";"Lienz";46.9744444444;"12.5525";"2.84";"20.15";"110";;"190";"235";"330";"470";;"http://wwwc.tirol.gv.at/wasserstand/images/Stations/212092/Parameter/W/212092_W.png";340600;341890;465828;123309;341890;31;340600;35;5206260;6;168782;9;318782;9;206260;6;28
7001134;"212100";187;"Hopfgarten i. Def.-Zwenewald";"Schwarzach";"Tirol";"Lienz";46.9180555556;12.5138888889;"1.29";"8.68";"42";;"80";"105";"150";"230";;"http://wwwc.tirol.gv.at/wasserstand/images/Stations/212100/Parameter/W/212100_W.png";337614;335667;465505;123050;335667;41;337613;72;5199923;8;166037;7;316037;7;199923;8;28
7001140;"212167";188;"Lienz";"Isel";"Tirol";"Lienz";46.8322222222;12.7669444444;"6.08";"38.80";"240";;"390";"460";"580";"715";;"http://wwwc.tirol.gv.at/wasserstand/images/Stations/212167/Parameter/W/212167_W.png";356806;325935;464956;124601;325934;56;356806;4;5188208;-43205;406795;188208;31;;;;
7001147;"212316";189;"Lienz-Peggetz";"Drau";"Tirol";"Lienz";46.825;12.7847222222;"11.40";"53.10";"295";;"440";"510";"620";"740";;"http://wwwc.tirol.gv.at/wasserstand/images/Stations/212316/Parameter/W/212316_W.png";358154;325137;464930;124705;325136;69;358154;1;5187410;-41857;408143;187410;31;;;;
7001152;"230078";190;"Telfs (Fussgängersteg)";"Inn";"Tirol";"Innsbruck Land";47.3022222222;11.0733333333;"33.20";"158.00";"650";;"945";"1080";"1290";"1525";;"http://wwwc.tirol.gv.at/wasserstand/images/Stations/230078/Parameter/W/230078_W.png";229187;380505;471808;110424;380505;47;229187;25;5240578;13;55956;37;205956;37;240578;13;28
7001163;"230706";191;"In der Au";"Melach";"Tirol";;47.2258333333;11.2330555556;"1.47";"4.12";"20";;"40";"50";"65";"86";;"http://wwwc.tirol.gv.at/wasserstand/images/Stations/230706/Parameter/W/230706_W.png";241033;371683;471333;111359;371682;64;241033;38;5232215;4;68135;5;218135;5;232215;4;28
7001168;"231092";192;"Lienz-Falkensteinsteg";"Drau";"Tirol";"Lienz";46.8183333333;12.7602777778;"4.67";"13.54";"65";;"105";"135";"190";"280";;"http://wwwc.tirol.gv.at/wasserstand/images/Stations/231092/Parameter/W/231092_W.png";356263;324426;464906;124537;324411;5;356289;4;5186684;-43722;406278;186684;31;;;;
7004281;"202614";193;"Going am Wilden Kaiser";"Goinger Bach";"Tirol";"Kitzbühel";47.515;12.3316666667;"0.02";"0.26";"4";;"6";"7";"10";"12";;"http://wwwc.tirol.gv.at/wasserstand/images/Stations/202614/Parameter/W/202614_W.png";324597;402161;473054;121954;402161;48;324597;38;5264461;-75426;374574;264461;31;;;;
7004282;"202622";194;"Kirchberg i. T.";"Aschauer Ache";"Tirol";"Kitzbühel";47.4472222222;12.3147222222;"0.64";"2.75";"29";;"40";"53";"70";"90";;"http://wwwc.tirol.gv.at/wasserstand/images/Stations/202622/Parameter/W/202622_W.png";323227;394617;472650;121853;394623;7;323223;8;5256920;-76800;373200;1;256920;1;31;;
7004333;"202630";195;"Kössen-Waidach";"Kohlenbach";"Tirol";;47.6563888889;12.3911111111;"2.03";"5.43";"45";;"70";"82";"100";"125";;"http://wwwc.tirol.gv.at/wasserstand/images/Stations/202630/Parameter/W/202630_W.png";329264;417818;473923;122328;417818;18;329263;92;5280124;-70758;379242;280124;31;;;;
8001001;"200014";196;"Bangs";"Rhein";"Vorarlberg";;47.2744444444;93.335;"34.40";"150";"870";;"1295";"1500";"1825";"2180";"3000";"http://www.vorarlberg.at/abfluss/QP_Bangs.gif";112748;381754;471628;93206;381943;66;112842;16;5237523;-60396;89604;4;237523;8;28;;
8001014;"200147";197;"Gisingen";"Ill";"Vorarlberg";;47.2608333333;93.7458333333;"15.20";"66";"240";;"405";"470";"590";"820";"950";"http://www.vorarlberg.at/abfluss/QP_Gisingen.gif";116098;380295;471539;93445;380295;25;116097;7;5236001;19;-57078;25;92921;75;236001;19;28
8001019;"200196";198;"Lustenau (Eisenbahnbrücke)";"Rhein";"Vorarlberg";;47.4483333333;94.5586111111;"51.60";"223";"1180";;"1800";"2100";"2600";"3200";"4500";"http://www.vorarlberg.at/abfluss/QP_LustenauEisenbahnbru.gif";123092;400791;472654;93931;400791;46;123091;94;5256760;-50879;99121;256760;28;;;;
8001026;"200261";199;"Mellau";"Bregenzerach";"Vorarlberg";;47.3552777778;95.4313888889;"1.65";"14";"140";;"220";"270";"390";"480";"550";"http://www.vorarlberg.at/abfluss/QP_Mellau.gif";139409;389705;472119;95253;389704;97;139408;88;5246308;-34141;115859;246308;28;;;;
8001032;"200329";200;"Kennelbach";"Bregenzerach";"Vorarlberg";;47.4769444444;95.0586111111;"5.11";"46";"480";;"750";"940";"1100";"1450";"1700";"http://www.vorarlberg.at/abfluss/QP_Kennelbach.gif";132029;403560;472837;94631;403560;37;132028;8;5259873;-42053;107947;259873;28;;;;
8001033;"200337";201;"Bregenz-Hafen";"Bodensee";"Vorarlberg";"Bregenz";47.5086111111;94.7641666667;"275";"345";"450";"460";"490";"512";"542";"570";;"http://www.vorarlberg.at/seewasserstand/Bregenz_dia5.gif";130129;406969;473031;94451;407172;22;130104;45;5263409;-44116;105884;4;263409;16;28;;
8001035;"200352";202;"Unterhochsteg";"Leiblach";"Vorarlberg";;47.5377777778;94.6863888889;"0.24";"3";"56";;"85";"95";"120";"135";"170";"http://www.vorarlberg.at/abfluss/QP_Unterhochsteg.gif";129410;410457;473216;94411;410457;11;129409;94;5266666;-44937;105063;266666;28;;;;
8001041;"200410";203;"Lauterach";"Dornbirnerach";"Vorarlberg";;47.4633333333;94.0986111111;"0.90";"6.65";"120";;"180";"220";"270";"325";"350";"http://www.vorarlberg.at/abfluss/QP_Lauterach.gif";124933;402392;472748;94055;402391;97;124932;57;5258431;-49101;100899;258431;28;;;;
8001021;"200212";204;"Hoher Steg";"Dornbirnerach";"Vorarlberg";;47.4483333333;94.3336111111;"0.42";"4.84";"100";;"165";"180";"225";"265";"300";"http://www.vorarlberg.at/abfluss/QP_Hoher_Steg.gif";126193;400494;472654;94201;400651;22;126233;95;5256741;-47733;102267;4;256741;8;28;;
8001028;"200287";205;"Schönenbach (Hengstig)";"Subersach";"Vorarlberg";;47.3863888889;10.0411111111;"0.38";"2.07";"38";;"61";"71";"88";"105";"120";"http://www.vorarlberg.at/abfluss/QP_Schoenenbach.gif";151607;392649;472311;100228;392649;2;151606;71;5249722;-22062;127938;249722;28;;;;
8001060;"200584";206;"Kälberweide";"Leckenbach";"Vorarlberg";;47.4725;"10.0225";"0.05";"0.98";"10";;"25";"45";"60";"76";"100";"http://www.vorarlberg.at/abfluss/QP_Kaelberweide.gif";150588;402230;472821;100121;402267;63;150606;8;5259298;-23433;126567;4;259298;8;28;;
8001025;"200253";207;"Au";"Bregenzerach";"Vorarlberg";;47.3283333333;96.3736111111;"1.09";"9.07";"90";;"165";"195";"250";"310";"340";"http://www.vorarlberg.at/abfluss/QP_Au.gif";146177;386583;471942;95825;386398;38;146240;84;5243266;46;-27184;29;122815;75;243266;53;28
8001020;"200204";208;"Enz";"Dornbirnerach";"Vorarlberg";;47.3977777778;94.9119444444;"0.19";"2.79";"95";;"150";"170";"205";"235";"280";"http://www.vorarlberg.at/abfluss/QP_Enz.gif";130609;394831;472352;94543;394830;86;130609;6;5251092;-43135;106865;251092;28;;;;
8001022;"200220";209;"Lustenau (Hofsteig)";"Rheintalbinnenkanal";"Vorarlberg";;47.4352777778;94.2463888889;"0.71";"1.96";"35";;"65";"85";"103";"135";"170";"http://www.vorarlberg.at/abfluss/QP_LustenauRBK.gif";125875;399209;472607;94147;399209;37;125875;8;5255286;-48036;101964;255286;28;;;;
8001042;"200428";210;"Schwarzach";"Schwarzach";"Vorarlberg";;47.4480555556;94.8925;"0.07";"0.75";"25";;"44";"58";"80";"97";"120";"http://www.vorarlberg.at/abfluss/QP_Schwarzach.gif";130664;400427;472653;94533;400426;87;130664;2;5256688;-43296;106704;256688;28;;;;
8002394;"200642";211;"Sulz";"Frutz";"Vorarlberg";;47.2911111111;94.245;"0.36";"2.23";"70";;"127";"157";"210";"275";"350";"http://www.vorarlberg.at/abfluss/QP_Sulz.gif";119985;383462;471728;93742;383462;119985;12;5239317;-53315;96685;239317;28;;;;;
8001015;"200154";212;"Laterns";"Frutz";"Vorarlberg";;47.2575;94.5791666667;"0.29";"2.14";"38";;"76";"100";"145";"205";"270";"http://www.vorarlberg.at/abfluss/QP_Laterns.gif";127416;379377;471527;94345;379377;29;127415;66;5235521;-45730;104270;235521;28;;;;
8001010;"200105";213;"Garsella";"Lutz";"Vorarlberg";;47.2272222222;95.3927777778;"1.01";"5.84";"30";;"120";"155";"205";"220";"250";"http://www.vorarlberg.at/abfluss/QP_Garsella.gif";138378;375516;471338;95234;375516;15;138378;31;5232085;-34623;115377;232085;28;;;;
8001037;"200378";214;"Lech (Tannbergbrücke)";"Lech";"Vorarlberg";"Bludenz";47.2083333333;10.1411111111;"0.73";"5.23";"45";;"74";"85";"105";"135";"160";"http://www.vorarlberg.at/abfluss/QP_Lech_Lech.gif";158331;372542;471230;100828;372542;14;158330;95;5229883;-14564;135436;229883;28;;;;
8002417;"200675";215;"Hard (Mühlestrasse)";"Lauterachbach";"Vorarlberg";;47.4797222222;94.2466666667;"0.04";"0.08";"2.30";;"4.00";"5.00";"6.50";"8.50";"11";"http://www.vorarlberg.at/abfluss/QP_Hard_Lauterachbach.gif";126113;404156;472847;94148;404156;4;126113;21;5260240;-47989;102011;260240;28;;;;
8001034;"200345";216;"Lochau";"Ruggbach";"Vorarlberg";;47.5366666667;94.7455555556;"0.07";"0.24";"10.00";;"21.00";"28.00";"42.00";"60.00";"70";"http://www.vorarlberg.at/abfluss/QP_Lochau.gif";130103;410317;473212;94444;410317;31;130102;85;5266553;-44239;105761;266553;28;;;;
8001004;"200048";217;"Schruns";"Litz";"Vorarlberg";;47.0808333333;95.7638888889;"1.10";"4.62";"31";;"50";"60";"77";"105";"125";"http://www.vorarlberg.at/abfluss/QP_Schruns.gif";140522;359134;470451;95450;359133;72;140522;28;5215792;-31847;118153;4;215792;8;28;;
10001002;"207126";218;"Ybbs";"Donau";"viaDonau";"Melk";48.18;15.0852777778;"800.00";"1800.00";"5120";"5770";"6600";"7300";"9900";"11100";;"http://www.noel.gv.at/Externeseiten/wasserstand/wiskiwebpublic/stat_1573490.htm";530319;477184;481048;150507;477032;59;530225;5;5338640;23;-92788;82;657211;5;338640;38;34
10001011;"207290";219;"Bernhardsthal (Staatsgrenzpunkt)";"Thaya";"viaDonau";;48.7166666667;16.89;;;;;;;;;;"http://www.noel.gv.at/Externeseiten/wasserstand/wiskiwebpublic/stat_104001.htm";663340;537069;484300;165324;541216;6;661565;6;5397713;40955;790955;31;397713;16;34;;
10001012;"207308";220;"Hohenau an der March (Fluss-km)";"March";"viaDonau";;48.6016666667;16.9344444444;"30";"110";"460";"600";"720";"850";"1040";"1400";;"http://www.noel.gv.at/Externeseiten/wasserstand/wiskiwebpublic/stat_104870.htm";665425;528524;483606;165604;528583;88;665415;44;5384940;44317;794317;31;384940;16;34;;
10001014;"207324";221;"Angern an der March";"March";"viaDonau";"Gänserndorf";48.3836111111;16.8352777778;"31.00";"110";"460";"600";"720";"850";"1040";"1400";;"http://www.noel.gv.at/Externeseiten/wasserstand/wiskiwebpublic/stat_104000.htm";659237;504093;482301;165007;504043;56;659202;44;5360652;37163;787163;31;360652;16;34;;
10001016;"207357";222;"Kienstock";"Donau";"viaDonau";"Krems Bezirk";48.3827777778;15.4636111111;"800.00";"1880.00";"5150";"5800";"6650";"7400";"10100";"11200";;"http://www.noel.gv.at/Externeseiten/wasserstand/wiskiwebpublic/stat_6368255.htm";557621;500337;482258;152749;500283;19;557721;5360814;81;-64408;78;685591;56;360814;97;34;
10001019;"207019";223;"Achleiten";"Donau";"viaDonau";"Schärding";48.5825;13.5041666667;;;;;;;;;;"http://www2.land-oberoesterreich.gv.at/internethydro/Online/Start.jsp?station=1";412601;520423;483457;133015;520343;6;412595;9;5382676;12596;98;462597;13;382676;16;31;
10001023;"207068";224;"Linz";"Donau";"viaDonau";"Linz, Linz Land, Urfahr-Umgebung";48.3075;14.2855555556;;;;;;;;;;"http://www2.land-oberoesterreich.gv.at/internethydro/Online/Start.jsp?station=4";470630;490180;481827;141708;490189;69;470615;56;5352521;63;70630;39;520630;53;352521;78;31
10001025;"207084";225;"Mauthausen";"Donau";"viaDonau";"Perg, Amstetten";48.2397222222;14.5336111111;;"1750.00";"5100";"5750";"6620";"7380";"10000";"11200";;"http://www.noel.gv.at/Externeseiten/wasserstand/wiskiwebpublic/stat_1573263.htm";488275;482937;481423;143201;482891;53;489117;19;5345224;1;89135;76;539136;6;345224;25;31
10001026;"207100";226;"Grein";"Donau";"viaDonau";"Perg";48.2277777778;14.8577777778;;;;;;;;;;"http://www2.land-oberoesterreich.gv.at/internethydro/Online/Start.jsp?station=7";513230;481996;481340;145128;481994;72;513216;47;5344331;67;113236;94;563237;25;344331;81;31
10001035;"207241";227;"Korneuburg";"Donau";"viaDonau";;48.3277777778;16.3355555556;"872.00";"1910.00";"5300";"5850";"6650";"7300";"9340";"10400";;"http://www.noel.gv.at/Externeseiten/wasserstand/wiskiwebpublic/stat_1574033.htm";622309;496540;481940;162008;496308;53;622473;5354337;29;154;38;750154;69;354337;44;34;
10001036;"207373";228;"Wildungsmauer";"Donau";"viaDonau";"Bruck/Leitha";48.1158333333;16.8069444444;"883.00";"1930.00";"5300";"5850";"6650";"7300";"9340";"10400";;"http://www.noel.gv.at/Externeseiten/wasserstand/wiskiwebpublic/stat_1574280.htm";658347;474154;480657;164825;474215;41;658438;94;5330867;27;35250;51;785250;81;330867;44;34
1001001;"210013";229;"Nickelsdorf";"Leitha";"Burgenland";;0;0;;;;;;;;;;;680586;456344;0;0;456371;680579;55;5312177;56693;806693;312177;34;;;;;
1001009;"210096";230;"Schützen am Gebirge";"Wulka";"Burgenland";;0;0;;;;;;;;;;;647181;444451;0;0;444451;1;647181;2;5301550;22850;772850;301550;34;;;;
1001003;"210039";231;"Piringsdorf";"Rabnitz";"Burgenland";;0;0;;;;;;;;;;;632579;399019;0;0;399082;33;632589;46;5256763;6513;756513;256763;34;;;;
1001005;"210054";232;"Mannersdorf an der Rabnitz";"Rabnitz";"Burgenland";;0;0;;;;;;;;;;;641191;397501;0;0;397508;58;641106;69;5254861;14966;764966;254861;34;;;;
1001006;"210062";233;"Oberpullendorf";"Stoob";"Burgenland";;0;0;;;;;;;;;;;639309;404781;0;0;404814;1;639280;86;5262234;13423;763423;262234;34;;;;
1001047;"210500";234;"Lutzmannsburg";"Rabnitz";"Burgenland";;0;0;;;;;;;;;;;649462;400922;0;0;400885;79;649467;71;5257914;23454;773454;257914;34;;;;
1001028;"210310";235;"Rattersdorf";"Güns";"Burgenland";;0;0;;;;;;;;;;;638838;394959;0;0;394970;1;638841;78;5252411;12604;762604;252411;34;;;;
1001038;"210419";236;"Pinkafeld";"Pinka";"Burgenland";;0;0;;;;;;;;;;;610339;389456;0;0;389473;45;610315;41;5248018;-16123;733877;248018;34;;;;
1001020;"210229";237;"Oberwart";"Pinka";"Burgenland";;0;0;;;;;;;;;;;618282;379359;0;0;379437;65;618249;11;5237680;-8580;741420;237680;34;;;;
1001048;"215012";238;"Siget in der Wart";"Zickenbach";"Burgenland";;0;0;;;;;;;;;;;622791;377882;0;0;377902;11;622784;26;5235970;-4106;745894;235970;34;;;;
1001021;"210237";239;"Woppendorf";"Pinka";"Burgenland";;0;0;;;;;;;;;;;631685;371673;0;0;371687;38;631611;89;5229417;4478;754478;229417;34;;;;
1001045;"210484";240;"Rauchwart";"Strem";"Burgenland";;0;0;;;;;;;;;;;619864;363013;0;0;363020;87;619908;57;5221206;-7555;742445;221206;34;;;;
1001026;"210286";241;"Güssing";"Strem";"Burgenland";;0;0;;;;;;;;;;;627048;355737;0;0;355717;67;627081;6;5213629;-667;749333;213629;34;;;;
1001027;"210294";242;"Heiligenbrunn";"Strem";"Burgenland";;0;0;;;;;;;;;;;634614;352828;0;0;352835;67;634624;17;5210457;6761;756761;210457;34;;;;
1001018;"210203";243;"Markt Allhau";"Stögersbach";"Burgenland";;0;0;;;;;;;;;;;608076;380716;0;0;380721;31;608068;69;5239356;-18707;731293;31;239356;8;34;;
1001019;"210211";244;"Dobersdorf";"Lafnitz";"Burgenland";;0;0;;;;;;;;;;;613037;350694;0;0;350694;4;613036;5;5209150;-14900;735100;209150;34;;;;
1001037;"210401";245;"Eltendorf";"Lafnitz";"Burgenland";;0;0;;;;;;;;;;;618314;347447;0;0;347467;53;618338;24;5205720;-9725;740275;205720;34;;;;
1002408;"215046";246;"Heiligenkreuz";"Lafnitz";"Burgenland";;0;0;;;;;;;;;;;622301;344863;0;0;;;;;;;;;;;;;
1002372;"215038";247;"Moschendorf";"Pinka";"Burgenland";;0;0;;;;;;;;;;;637738;355856;0;0;355869;53;637512;26;5213378;9765;759765;213378;34;;;;
1001043;"210468";248;"Neumarkt";"Raab";"Burgenland";;0;0;;;;;;;;;;;614980;340515;0;0;340576;1;614934;67;5198963;-13393;736607;198963;34;;;;
1001014;"210146";249;"Neusiedl am See (Seebad)";"Neusiedler See";"Burgenland";;0;0;;;;;;;;;;;661596;453710;0;0;453717;37;661605;95;5310256;37626;787626;310256;34;;;;
1001015;"210153";250;"Podersdorf am See (Badebucht)";"Neusiedler See";"Burgenland";;0;0;;;;;;;;;;;661379;445950;0;0;445949;6;661379;1;5302500;37100;787100;302500;34;;;;
1001012;"210120";251;"Mörbisch am See";"Neusiedler See";"Burgenland";;0;0;;;;;;;;;;;652206;433490;0;0;433490;4;652205;9;5290400;27450;777450;290400;34;;;;
